{
  "compactness": 0.26418000000000003, 
  "total_face_area": 3325.2649999999999, 
  "gfa": 4195.6689999999999, 
  "total_volume": 12587.008000000000
}