{
  "compactness": 0.28292, 
  "total_face_area": 5946.5309999999999, 
  "gfa": 7006.2089999999998, 
  "total_volume": 21018.628000000001
}