{
<<<<<<< HEAD
  "ew_par": 5, 
  "ew_ins": 6, 
  "iw_par": 5, 
  "es_ins": 1, 
  "is_par": 1, 
  "ro_par": 2, 
  "ro_ins": 6, 
  "wwr": 0.40000000000000002, 
  "av": 0.20341000000000001, 
  "gfa": 9911.0980000000000
=======
  "ew_par": 0, 
  "ew_ins": 0, 
  "iw_par": 0, 
  "es_ins": 1, 
  "is_par": 0, 
  "ro_par": 0, 
  "ro_ins": 0, 
  "wwr": 0.29999999999999999, 
  "av": 0.48888999999999999, 
  "gfa": 675.0
>>>>>>> parent of 3b70fb0 (Update data)
}