{
  "ew_par": 1, 
  "ew_ins": 2, 
  "iw_par": 1, 
  "es_ins": 1, 
  "is_par": 0, 
  "ro_par": 0, 
  "ro_ins": 7, 
  "wwr": 0.29999999999999999, 
  "av": 0.34422000000000003, 
  "gfa": 3754.2220000000002
}