{
  "ew_par": 0, 
  "ew_ins": 0, 
  "iw_par": 0, 
  "es_ins": 0, 
  "is_par": 0, 
  "ro_par": 0, 
  "ro_ins": 0, 
  "wwr": 0, 
  "av": 0.40699000000000002, 
  "gfa": 1749.8099999999999
}