{
  "ew_par": 0, 
  "ew_ins": 4, 
  "iw_par": 0, 
  "es_ins": 1, 
  "is_par": 2, 
  "ro_par": 0, 
  "ro_ins": 7, 
  "wwr": 0.29999999999999999, 
  "av": 0.31111, 
  "gfa": 3375.0
}