{
  "ew_par": 0, 
  "ew_ins": 0, 
  "iw_par": 0, 
  "es_ins": 0, 
  "is_par": 0, 
  "ro_par": 0, 
  "ro_ins": 0, 
  "wwr": 0, 
  "av": 0.39507999999999999, 
  "gfa": 4907.6740000000000
}