{
  "Typology": 3, 
  "WWR": 2, 
  "EW_PAR": 1, 
  "EW_INS": 2, 
  "IW_PAR": 1, 
  "ES_INS": 1, 
  "IS_PAR": 0, 
  "RO_PAR": 0, 
  "RO_INS": 2, 
  "BC": 1, 
  "A/V": 0.23699999999999999, 
  "Volume(m3)": 89900.703857279645, 
  "VOL/VOLBBOX": 0.23999999999999999
}