{
  "ew_par": 1, 
  "ew_ins": 0, 
  "iw_par": 0, 
  "es_ins": 1, 
  "is_par": 2, 
  "ro_par": 0, 
  "ro_ins": 7, 
  "wwr": 0.29999999999999999, 
  "av": 0.29282999999999998, 
  "gfa": 3107.0819999999999
}