{
  "ew_par": 0, 
  "ew_ins": 0, 
  "iw_par": 0, 
  "es_ins": 1, 
  "is_par": 0, 
  "ro_par": 0, 
  "ro_ins": 0, 
  "wwr": 0.29999999999999999, 
  "av": 0.0504, 
  "gfa": 740265.99300000002
}