{
  "ew_par": 5, 
  "ew_ins": 6, 
  "iw_par": 5, 
  "es_ins": 1, 
  "is_par": 1, 
  "ro_par": 2, 
  "ro_ins": 6, 
  "wwr": 0.40000000000000002, 
  "av": 0.20341000000000001, 
  "gfa": 9911.0980000000000
}