{
  "Typology": 3, 
  "WWR": 2, 
  "EW_PAR": 1, 
  "EW_INS": 2, 
  "IW_PAR": 1, 
  "ES_INS": 1, 
  "IS_PAR": 0, 
  "RO_PAR": 0, 
  "RO_INS": 2, 
  "BC": 1, 
  "A/V": 0.44900000000000001, 
  "Volume(m3)": 117378.51867918632, 
  "VOL/VOLBBOX": 0.32000000000000001
}