{
  "ew_par": 5, 
  "ew_ins": 3, 
  "iw_par": 0, 
  "es_ins": 1, 
  "is_par": 2, 
  "ro_par": 0, 
  "ro_ins": 7, 
  "wwr": 0.29999999999999999, 
  "av": 0.48888999999999999, 
  "gfa": 675.0
}