{
  "total_face_area": 111934.20800000000, 
  "total_volume": 2220797.9800000000, 
  "gfa": 740265.99300000002, 
  "compactness": 0.0504
}