{
  "total_volume": 12239.986000000001, 
  "gfa": 4079.9949999999999, 
  "total_face_area": 3337.3350000000000, 
  "compactness": 0.27266000000000001
}