{
  "total_face_area": 3876.8319999999999, 
  "gfa": 3754.2220000000002, 
  "total_volume": 11262.665000000001, 
  "compactness": 0.34422000000000003
}