{
  "gfa": 2494.6750000000002, 
  "compactness": 0.39964, 
  "total_volume": 7484.0249999999996, 
  "total_face_area": 2990.9400000000001
}