{
  "total_face_area": 26076.806000000000, 
  "shape_efficiency": 0.33500000000000002, 
  "compactness": 0.183, 
  "bbox_volume": 424112.98700000002, 
  "total_volume": 142237.12400000001
}