{
  "total_volume": 18471.253000000001, 
  "total_face_area": 4328.3469999999998, 
  "gfa": 6157.0839999999998, 
  "compactness": 0.23433000000000001
}