{
  "total_volume": 9051.0439999999999, 
  "gfa": 3017.0149999999999, 
  "compactness": 0.34465000000000001, 
  "total_face_area": 3119.4050000000002
}