{
  "gfa": 9911.0980000000000, 
  "total_face_area": 6047.9719999999998, 
  "compactness": 0.20341000000000001, 
  "total_volume": 29733.294000000002
}