{
  "compactness": 0.44900000000000001, 
  "bbox_volume": 366627.04300000001, 
  "shape_efficiency": 0.32000000000000001, 
  "total_face_area": 52730.953999999998, 
  "total_volume": 117378.51900000000
}