{
  "total_volume": 3623.3780000000002, 
  "gfa": 1207.7929999999999, 
  "total_face_area": 1558.3119999999999, 
  "compactness": 0.43007000000000001
}