{
  "total_face_area": 7045.9380000000001, 
  "compactness": 0.26657999999999998, 
  "total_volume": 26431.113000000001, 
  "gfa": 8810.3709999999992
}