{
  "total_volume": 84552.205000000002, 
  "shape_efficiency": 0.32500000000000001, 
  "compactness": 0.25, 
  "bbox_volume": 259806.88800000001, 
  "total_face_area": 21165.794999999998
}