{
  "gfa": 1749.8099999999999, 
  "total_face_area": 2136.4639999999999, 
  "compactness": 0.40699000000000002, 
  "total_volume": 5249.4300000000003
}