{
  "compactness": 0.59999999999999998, 
  "total_volume": 5000.0, 
  "shape_efficiency": 0.73299999999999998, 
  "bbox_volume": 6818.4459999999999, 
  "total_face_area": 3000.0
}