{
  "total_volume": 543013.10100000002, 
  "total_face_area": 53351.925000000003, 
  "compactness": 0.098250000000000004, 
  "gfa": 181004.36700000000
}