{
  "total_volume": 9321.2450000000008, 
  "total_face_area": 2729.5390000000002, 
  "gfa": 3107.0819999999999, 
  "compactness": 0.29282999999999998
}