{
  "compactness": 0.25483, 
  "gfa": 4601.4269999999997, 
  "total_volume": 13804.281999999999, 
  "total_face_area": 3517.6900000000001
}