{
  "total_face_area": 21272.643000000000, 
  "shape_efficiency": 0.23999999999999999, 
  "compactness": 0.23699999999999999, 
  "bbox_volume": 374011.62800000003, 
  "total_volume": 89900.703999999998
}