{
  "compactness": 0.23094000000000001, 
  "gfa": 8287.4429999999993, 
  "total_volume": 24862.330000000002, 
  "total_face_area": 5741.7700000000004
}