{
  "compactness": 0.39507999999999999, 
  "total_face_area": 5816.7929999999997, 
  "total_volume": 14723.022999999999, 
  "gfa": 4907.6740000000000
}