{
  "total_volume": 29998.602999999999, 
  "gfa": 9999.5339999999997, 
  "compactness": 0.25927, 
  "total_face_area": 7777.7399999999998
}