{
  "total_face_area": 20957.536000000000, 
  "compactness": 0.10765, 
  "total_volume": 194679.91200000001, 
  "gfa": 64893.303999999996
}