{
  "gfa": 1940.0519999999999, 
  "compactness": 0.35748000000000002, 
  "total_face_area": 2080.5909999999999, 
  "total_volume": 5820.1549999999997
}