{
  "total_face_area": 20949.731000000000, 
  "shape_efficiency": 0.28599999999999998, 
  "compactness": 0.22700000000000001, 
  "bbox_volume": 323232.03600000002, 
  "total_volume": 92457.495999999999
}