{
  "compactness": 0.49367, 
  "total_face_area": 1986.7770000000000, 
  "gfa": 1341.5139999999999, 
  "total_volume": 4024.5410000000002
}