{
  "compactness": 0.17763000000000001, 
  "total_face_area": 25095.923999999999, 
  "gfa": 47095.220000000001, 
  "total_volume": 141285.66000000000
}