{
  "total_volume": 6603.1279999999997, 
  "gfa": 2201.0430000000001, 
  "compactness": 0.40637000000000001, 
  "total_face_area": 2683.3009999999999
}