{
  "compactness": 0.17874000000000001, 
  "total_face_area": 16276.420000000000, 
  "gfa": 30353.554000000000, 
  "total_volume": 91060.660999999993
}